step,loss,lr,elapsed_s
20,1.114785,4.000e-06,33.0
40,1.101449,8.000e-06,33.8
60,1.078534,1.200e-05,34.7
80,1.047962,1.600e-05,35.6
100,1.015927,2.000e-05,36.4
120,0.987194,2.400e-05,37.3
140,0.963142,2.800e-05,38.2
160,0.936918,3.200e-05,39.0
180,0.904530,3.600e-05,39.8
200,0.866255,4.000e-05,40.7
220,0.828481,4.400e-05,41.5
240,0.786163,4.800e-05,42.3
260,0.749040,5.200e-05,43.1
280,0.711239,5.600e-05,43.9
300,0.673425,6.000e-05,44.7
320,0.640624,6.400e-05,45.5
340,0.601516,6.800e-05,46.3
360,0.569205,7.200e-05,47.1
380,0.537310,7.600e-05,47.9
400,0.509061,8.000e-05,48.7
420,0.484310,8.400e-05,49.5
440,0.461174,8.800e-05,50.4
460,0.438569,9.200e-05,51.2
480,0.416154,9.600e-05,52.0
500,0.398023,1.000e-04,52.8
520,0.377235,1.000e-04,54.3
540,0.363208,1.000e-04,55.1
560,0.347556,1.000e-04,55.9
580,0.336747,1.000e-04,56.7
600,0.320874,9.999e-05,57.5
620,0.310836,9.999e-05,58.3
640,0.297555,9.999e-05,59.1
660,0.286396,9.998e-05,59.9
680,0.278813,9.998e-05,60.8
700,0.268106,9.997e-05,61.6
720,0.262027,9.997e-05,62.4
740,0.254132,9.996e-05,63.2
760,0.242785,9.996e-05,64.0
780,0.242192,9.995e-05,64.8
800,0.230539,9.994e-05,65.6
820,0.230766,9.993e-05,66.4
840,0.221498,9.993e-05,67.2
860,0.215730,9.992e-05,68.0
880,0.212972,9.991e-05,68.8
900,0.207267,9.990e-05,69.6
920,0.200443,9.989e-05,70.4
940,0.196783,9.987e-05,71.3
960,0.193314,9.986e-05,72.1
980,0.186876,9.985e-05,72.9
1000,0.192889,9.984e-05,73.7
1020,0.180740,9.982e-05,74.9
1040,0.176021,9.981e-05,75.7
1060,0.178210,9.980e-05,76.6
1080,0.177654,9.978e-05,77.4
1100,0.177426,9.977e-05,78.2
1120,0.168847,9.975e-05,79.0
1140,0.170773,9.973e-05,79.8
1160,0.165802,9.972e-05,80.6
1180,0.160170,9.970e-05,81.4
1200,0.163739,9.968e-05,82.2
1220,0.159740,9.966e-05,83.0
1240,0.160065,9.965e-05,83.8
1260,0.155370,9.963e-05,84.7
1280,0.152888,9.961e-05,85.5
1300,0.149306,9.959e-05,86.3
1320,0.150945,9.956e-05,87.1
1340,0.150387,9.954e-05,87.9
1360,0.148044,9.952e-05,88.7
1380,0.144368,9.950e-05,89.5
1400,0.141651,9.948e-05,90.3
1420,0.140617,9.945e-05,91.1
1440,0.142347,9.943e-05,91.9
1460,0.135154,9.940e-05,92.7
1480,0.141803,9.938e-05,93.5
1500,0.134824,9.935e-05,94.3
1520,0.134356,9.933e-05,95.6
1540,0.133361,9.930e-05,96.4
1560,0.129534,9.927e-05,97.2
1580,0.129399,9.925e-05,98.0
1600,0.126410,9.922e-05,98.8
1620,0.129573,9.919e-05,99.6
1640,0.129998,9.916e-05,100.4
1660,0.124195,9.913e-05,101.2
1680,0.123934,9.910e-05,102.0
1700,0.126946,9.907e-05,102.8
1720,0.120621,9.904e-05,103.7
1740,0.123368,9.901e-05,104.5
1760,0.116969,9.897e-05,105.3
1780,0.119780,9.894e-05,106.1
1800,0.120592,9.891e-05,106.9
1820,0.117436,9.887e-05,107.7
1840,0.117470,9.884e-05,108.5
1860,0.115710,9.880e-05,109.3
1880,0.117445,9.877e-05,110.1
1900,0.115059,9.873e-05,110.9
1920,0.110821,9.870e-05,111.7
1940,0.113355,9.866e-05,112.6
1960,0.107839,9.862e-05,113.4
1980,0.109964,9.859e-05,114.2
2000,0.105391,9.855e-05,115.0
2020,0.109979,9.851e-05,116.2
2040,0.102656,9.847e-05,117.1
2060,0.103722,9.843e-05,117.9
2080,0.108158,9.839e-05,118.7
2100,0.101993,9.835e-05,119.5
2120,0.105983,9.831e-05,120.3
2140,0.099030,9.826e-05,121.1
2160,0.106250,9.822e-05,121.9
2180,0.097563,9.818e-05,122.7
2200,0.098712,9.814e-05,123.5
2220,0.102152,9.809e-05,124.3
2240,0.094901,9.805e-05,125.2
2260,0.096362,9.800e-05,126.0
2280,0.097112,9.796e-05,126.9
2300,0.099659,9.791e-05,127.7
2320,0.094324,9.787e-05,128.6
2340,0.096623,9.782e-05,129.4
2360,0.091920,9.777e-05,130.3
2380,0.093990,9.772e-05,131.1
2400,0.093413,9.768e-05,132.0
2420,0.090781,9.763e-05,132.8
2440,0.088180,9.758e-05,133.7
2460,0.087185,9.753e-05,134.5
2480,0.089103,9.748e-05,135.3
2500,0.086632,9.743e-05,136.1
2520,0.084636,9.738e-05,137.4
2540,0.087356,9.732e-05,138.2
2560,0.086802,9.727e-05,139.0
2580,0.086848,9.722e-05,139.8
2600,0.086364,9.717e-05,140.6
2620,0.082764,9.711e-05,141.4
2640,0.085607,9.706e-05,142.2
2660,0.083163,9.700e-05,143.0
2680,0.079162,9.695e-05,143.8
2700,0.081695,9.689e-05,144.6
2720,0.077952,9.684e-05,145.5
2740,0.075762,9.678e-05,146.3
2760,0.074952,9.672e-05,147.1
2780,0.078492,9.666e-05,147.9
2800,0.071146,9.661e-05,148.7
2820,0.073160,9.655e-05,149.5
2840,0.074287,9.649e-05,150.3
2860,0.072430,9.643e-05,151.1
2880,0.069793,9.637e-05,152.0
2900,0.072063,9.631e-05,152.8
2920,0.070144,9.625e-05,153.6
2940,0.075622,9.619e-05,154.4
2960,0.075878,9.612e-05,155.2
2980,0.069712,9.606e-05,156.0
3000,0.075728,9.600e-05,156.8
3020,0.066256,9.594e-05,158.2
3040,0.071130,9.587e-05,159.0
3060,0.074245,9.581e-05,159.8
3080,0.067455,9.574e-05,160.6
3100,0.065687,9.568e-05,161.4
3120,0.067641,9.561e-05,162.2
3140,0.063680,9.555e-05,163.0
3160,0.067021,9.548e-05,163.9
3180,0.061231,9.541e-05,164.7
3200,0.065356,9.534e-05,165.5
3220,0.062126,9.528e-05,166.3
3240,0.064955,9.521e-05,167.1
3260,0.063420,9.514e-05,167.9
3280,0.064817,9.507e-05,168.7
3300,0.060510,9.500e-05,169.5
3320,0.065396,9.493e-05,170.3
3340,0.060609,9.486e-05,171.1
3360,0.061967,9.479e-05,171.9
3380,0.058316,9.471e-05,172.7
3400,0.061924,9.464e-05,173.6
3420,0.059993,9.457e-05,174.4
3440,0.060459,9.450e-05,175.2
3460,0.054801,9.442e-05,176.0
3480,0.055940,9.435e-05,176.8
3500,0.053996,9.427e-05,177.6
3520,0.053723,9.420e-05,178.9
3540,0.054618,9.412e-05,179.7
3560,0.053180,9.405e-05,180.5
3580,0.052922,9.397e-05,181.3
3600,0.055561,9.389e-05,182.1
3620,0.054467,9.382e-05,182.9
3640,0.050710,9.374e-05,183.7
3660,0.052706,9.366e-05,184.5
3680,0.055050,9.358e-05,185.3
3700,0.053634,9.350e-05,186.1
3720,0.050181,9.342e-05,186.9
3740,0.049413,9.334e-05,187.7
3760,0.054185,9.326e-05,188.5
3780,0.050521,9.318e-05,189.3
3800,0.049946,9.310e-05,190.1
3820,0.052421,9.302e-05,190.9
3840,0.048613,9.293e-05,191.7
3860,0.049311,9.285e-05,192.5
3880,0.054514,9.277e-05,193.3
3900,0.047130,9.268e-05,194.1
3920,0.046766,9.260e-05,194.9
3940,0.046207,9.252e-05,195.7
3960,0.046307,9.243e-05,196.5
3980,0.045663,9.235e-05,197.3
4000,0.044758,9.226e-05,198.2
4020,0.044174,9.217e-05,199.6
4040,0.045606,9.209e-05,200.4
4060,0.054697,9.200e-05,201.2
4080,0.052630,9.191e-05,202.0
4100,0.045265,9.182e-05,202.8
4120,0.043572,9.174e-05,203.6
4140,0.042184,9.165e-05,204.4
4160,0.042437,9.156e-05,205.2
4180,0.047625,9.147e-05,206.0
4200,0.039262,9.138e-05,206.8
4220,0.043500,9.129e-05,207.6
4240,0.042095,9.119e-05,208.5
4260,0.043572,9.110e-05,209.3
4280,0.041218,9.101e-05,210.1
4300,0.038826,9.092e-05,210.9
4320,0.042305,9.083e-05,211.7
4340,0.040619,9.073e-05,212.5
4360,0.040540,9.064e-05,213.3
4380,0.038780,9.055e-05,214.1
4400,0.041605,9.045e-05,214.9
4420,0.040602,9.036e-05,215.7
4440,0.039990,9.026e-05,216.5
4460,0.041692,9.016e-05,217.3
4480,0.039086,9.007e-05,218.1
4500,0.038054,8.997e-05,218.9
4520,0.038534,8.988e-05,220.2
4540,0.041153,8.978e-05,221.0
4560,0.038521,8.968e-05,221.8
4580,0.036850,8.958e-05,222.6
4600,0.039595,8.948e-05,223.4
4620,0.035940,8.938e-05,224.2
4640,0.038739,8.928e-05,225.0
4660,0.040112,8.918e-05,225.8
4680,0.039717,8.908e-05,226.6
4700,0.041650,8.898e-05,227.4
4720,0.033932,8.888e-05,228.2
4740,0.035293,8.878e-05,229.0
4760,0.035959,8.868e-05,229.8
4780,0.036550,8.858e-05,230.6
4800,0.039436,8.847e-05,231.4
4820,0.037226,8.837e-05,232.2
4840,0.036443,8.827e-05,233.0
4860,0.035347,8.816e-05,233.8
4880,0.037187,8.806e-05,234.6
4900,0.038529,8.795e-05,235.4
4920,0.039705,8.785e-05,236.2
4940,0.035114,8.774e-05,237.0
4960,0.034361,8.764e-05,237.9
4980,0.038862,8.753e-05,238.7
5000,0.036692,8.743e-05,239.5
5020,0.034506,8.732e-05,240.7
5040,0.035455,8.721e-05,241.5
5060,0.034463,8.710e-05,242.3
5080,0.031840,8.700e-05,243.1
5100,0.035035,8.689e-05,243.9
5120,0.036046,8.678e-05,244.8
5140,0.033982,8.667e-05,245.6
5160,0.031096,8.656e-05,246.4
5180,0.034144,8.645e-05,247.2
5200,0.030834,8.634e-05,248.0
5220,0.035321,8.623e-05,248.8
5240,0.030174,8.612e-05,249.6
5260,0.031701,8.600e-05,250.4
5280,0.033119,8.589e-05,251.2
5300,0.030118,8.578e-05,252.0
5320,0.031913,8.567e-05,252.8
5340,0.032476,8.555e-05,253.6
5360,0.027863,8.544e-05,254.4
5380,0.030649,8.533e-05,255.2
5400,0.030927,8.521e-05,256.0
5420,0.031457,8.510e-05,256.9
5440,0.029806,8.498e-05,257.7
5460,0.029704,8.487e-05,258.5
5480,0.035208,8.475e-05,259.3
5500,0.030157,8.464e-05,260.1
5520,0.031758,8.452e-05,261.3
5540,0.028972,8.440e-05,262.1
5560,0.033161,8.429e-05,262.9
5580,0.029274,8.417e-05,263.7
5600,0.031726,8.405e-05,264.6
5620,0.033057,8.393e-05,265.4
5640,0.030182,8.381e-05,266.3
5660,0.031807,8.370e-05,267.1
5680,0.029989,8.358e-05,268.0
5700,0.027190,8.346e-05,268.8
5720,0.029081,8.334e-05,269.6
5740,0.028112,8.322e-05,270.5
5760,0.030310,8.310e-05,271.4
5780,0.029981,8.297e-05,272.2
5800,0.031082,8.285e-05,273.0
5820,0.026860,8.273e-05,273.8
5840,0.027846,8.261e-05,274.6
5860,0.031642,8.249e-05,275.4
5880,0.034643,8.237e-05,276.2
5900,0.033314,8.224e-05,277.0
5920,0.028741,8.212e-05,277.8
5940,0.025329,8.200e-05,278.7
5960,0.026022,8.187e-05,279.5
5980,0.026116,8.175e-05,280.3
6000,0.027290,8.162e-05,281.1
6020,0.028240,8.150e-05,282.3
6040,0.031313,8.137e-05,283.1
6060,0.031915,8.125e-05,283.9
6080,0.023734,8.112e-05,284.7
6100,0.030709,8.099e-05,285.5
6120,0.025859,8.087e-05,286.4
6140,0.030236,8.074e-05,287.2
6160,0.025540,8.061e-05,288.0
6180,0.024514,8.049e-05,288.8
6200,0.026271,8.036e-05,289.6
6220,0.029885,8.023e-05,290.4
6240,0.029226,8.010e-05,291.2
6260,0.028694,7.997e-05,292.0
6280,0.026516,7.984e-05,292.8
6300,0.024639,7.971e-05,293.6
6320,0.025375,7.958e-05,294.4
6340,0.023616,7.945e-05,295.2
6360,0.024788,7.932e-05,296.0
6380,0.022700,7.919e-05,296.8
6400,0.022525,7.906e-05,297.6
6420,0.024768,7.893e-05,298.5
6440,0.027198,7.880e-05,299.3
6460,0.024705,7.867e-05,300.1
6480,0.025414,7.854e-05,300.9
6500,0.023573,7.840e-05,301.7
6520,0.022631,7.827e-05,302.9
6540,0.023459,7.814e-05,303.7
6560,0.020745,7.800e-05,304.5
6580,0.022680,7.787e-05,305.3
6600,0.026876,7.774e-05,306.1
6620,0.022553,7.760e-05,306.9
6640,0.023984,7.747e-05,307.8
6660,0.027561,7.733e-05,308.6
6680,0.023859,7.720e-05,309.4
6700,0.021269,7.706e-05,310.2
6720,0.022225,7.693e-05,311.0
6740,0.020985,7.679e-05,311.8
6760,0.024761,7.666e-05,312.6
6780,0.023027,7.652e-05,313.4
6800,0.027699,7.638e-05,314.2
6820,0.026031,7.625e-05,315.0
6840,0.025339,7.611e-05,315.8
6860,0.023452,7.597e-05,316.6
6880,0.022202,7.583e-05,317.4
6900,0.023099,7.569e-05,318.2
6920,0.024439,7.556e-05,319.0
6940,0.025588,7.542e-05,319.8
6960,0.022818,7.528e-05,320.6
6980,0.022934,7.514e-05,321.4
7000,0.025971,7.500e-05,322.2
7020,0.022111,7.486e-05,323.4
7040,0.024477,7.472e-05,324.2
7060,0.020267,7.458e-05,325.0
7080,0.023392,7.444e-05,325.8
7100,0.022509,7.430e-05,326.6
7120,0.022961,7.416e-05,327.4
7140,0.021171,7.402e-05,328.2
7160,0.024383,7.388e-05,329.0
7180,0.021396,7.373e-05,329.8
7200,0.022407,7.359e-05,330.6
7220,0.023262,7.345e-05,331.4
7240,0.021538,7.331e-05,332.2
7260,0.022238,7.316e-05,333.0
7280,0.021114,7.302e-05,333.8
7300,0.021764,7.288e-05,334.6
7320,0.023446,7.274e-05,335.4
7340,0.023289,7.259e-05,336.2
7360,0.024766,7.245e-05,337.0
7380,0.018426,7.230e-05,337.8
7400,0.020495,7.216e-05,338.6
7420,0.021223,7.202e-05,339.4
7440,0.022217,7.187e-05,340.2
7460,0.023768,7.173e-05,341.1
7480,0.024216,7.158e-05,341.9
7500,0.024369,7.143e-05,342.7
7520,0.024289,7.129e-05,343.9
7540,0.018382,7.114e-05,344.7
7560,0.019823,7.100e-05,345.6
7580,0.020330,7.085e-05,346.4
7600,0.021567,7.070e-05,347.2
7620,0.023408,7.056e-05,348.1
7640,0.022884,7.041e-05,348.9
7660,0.019677,7.026e-05,349.8
7680,0.020499,7.012e-05,350.6
7700,0.019519,6.997e-05,351.5
7720,0.020671,6.982e-05,352.3
7740,0.021111,6.967e-05,353.1
7760,0.025809,6.952e-05,354.0
7780,0.022356,6.938e-05,354.8
7800,0.021596,6.923e-05,355.6
7820,0.021676,6.908e-05,356.5
7840,0.022767,6.893e-05,357.3
7860,0.020512,6.878e-05,358.2
7880,0.023661,6.863e-05,359.0
7900,0.021455,6.848e-05,359.8
7920,0.020158,6.833e-05,360.7
7940,0.021071,6.818e-05,361.5
7960,0.019449,6.803e-05,362.4
7980,0.018893,6.788e-05,363.2
8000,0.019266,6.773e-05,364.0
8020,0.022073,6.758e-05,365.3
8040,0.020937,6.743e-05,366.1
8060,0.021915,6.728e-05,366.9
8080,0.017403,6.713e-05,367.8
8100,0.019963,6.697e-05,368.6
8120,0.022680,6.682e-05,369.5
8140,0.017265,6.667e-05,370.3
8160,0.019556,6.652e-05,371.1
8180,0.019480,6.637e-05,372.0
8200,0.016834,6.621e-05,372.8
8220,0.017839,6.606e-05,373.7
8240,0.018015,6.591e-05,374.5
8260,0.020163,6.576e-05,375.3
8280,0.016836,6.560e-05,376.2
8300,0.017708,6.545e-05,377.0
8320,0.019275,6.530e-05,377.8
8340,0.022172,6.514e-05,378.7
8360,0.020393,6.499e-05,379.5
8380,0.019218,6.484e-05,380.3
8400,0.017794,6.468e-05,381.1
8420,0.021463,6.453e-05,382.0
8440,0.020377,6.437e-05,382.8
8460,0.017928,6.422e-05,383.6
8480,0.016076,6.407e-05,384.4
8500,0.017588,6.391e-05,385.3
8520,0.016990,6.376e-05,386.5
8540,0.019189,6.360e-05,387.3
8560,0.017750,6.345e-05,388.1
8580,0.016885,6.329e-05,388.9
8600,0.017999,6.314e-05,389.8
8620,0.018615,6.298e-05,390.6
8640,0.019704,6.282e-05,391.4
8660,0.017166,6.267e-05,392.2
8680,0.020239,6.251e-05,393.1
8700,0.019774,6.236e-05,393.9
8720,0.022419,6.220e-05,394.7
8740,0.018690,6.204e-05,395.5
8760,0.019416,6.189e-05,396.3
8780,0.017943,6.173e-05,397.2
8800,0.018699,6.157e-05,398.0
8820,0.017206,6.142e-05,398.9
8840,0.018070,6.126e-05,399.7
8860,0.020486,6.110e-05,400.6
8880,0.019185,6.095e-05,401.4
8900,0.021465,6.079e-05,402.2
8920,0.016308,6.063e-05,403.1
8940,0.015758,6.047e-05,403.9
8960,0.018415,6.032e-05,404.8
8980,0.016713,6.016e-05,405.6
9000,0.015721,6.000e-05,406.5
9020,0.016144,5.984e-05,407.7
9040,0.017339,5.969e-05,408.6
9060,0.016798,5.953e-05,409.4
9080,0.018039,5.937e-05,410.3
9100,0.018907,5.921e-05,411.1
9120,0.018462,5.905e-05,412.0
9140,0.016600,5.889e-05,412.8
9160,0.017097,5.874e-05,413.6
9180,0.020042,5.858e-05,414.5
9200,0.018097,5.842e-05,415.3
9220,0.015096,5.826e-05,416.2
9240,0.016122,5.810e-05,417.0
9260,0.015851,5.794e-05,417.9
9280,0.016274,5.778e-05,418.7
9300,0.017130,5.762e-05,419.5
9320,0.015619,5.746e-05,420.4
9340,0.014972,5.730e-05,421.2
9360,0.015593,5.714e-05,422.1
9380,0.014843,5.699e-05,422.9
9400,0.015870,5.683e-05,423.7
9420,0.017939,5.667e-05,424.6
9440,0.018144,5.651e-05,425.4
9460,0.017479,5.635e-05,426.3
9480,0.018602,5.619e-05,427.1
9500,0.017357,5.603e-05,428.0
9520,0.015606,5.587e-05,429.4
9540,0.014120,5.571e-05,430.2
9560,0.018300,5.555e-05,431.1
9580,0.016535,5.539e-05,431.9
9600,0.014852,5.523e-05,432.7
9620,0.016201,5.507e-05,433.6
9640,0.018157,5.491e-05,434.4
9660,0.016665,5.475e-05,435.3
9680,0.014916,5.459e-05,436.1
9700,0.015750,5.442e-05,436.9
9720,0.015916,5.426e-05,437.8
9740,0.014159,5.410e-05,438.6
9760,0.016290,5.394e-05,439.5
9780,0.017441,5.378e-05,440.3
9800,0.015907,5.362e-05,441.2
9820,0.016908,5.346e-05,442.0
9840,0.019058,5.330e-05,442.8
9860,0.015774,5.314e-05,443.7
9880,0.014263,5.298e-05,444.5
9900,0.016510,5.282e-05,445.4
9920,0.015587,5.266e-05,446.2
9940,0.015622,5.250e-05,447.0
9960,0.013901,5.234e-05,447.9
9980,0.014416,5.217e-05,448.7
10000,0.014604,5.201e-05,449.6
10020,0.014395,5.185e-05,450.9
10040,0.014177,5.169e-05,451.7
10060,0.015780,5.153e-05,452.6
10080,0.016542,5.137e-05,453.4
10100,0.016376,5.121e-05,454.2
10120,0.015528,5.105e-05,455.1
10140,0.014954,5.089e-05,455.9
10160,0.015584,5.072e-05,456.8
10180,0.013853,5.056e-05,457.6
10200,0.015127,5.040e-05,458.5
10220,0.014385,5.024e-05,459.3
10240,0.015569,5.008e-05,460.1
10260,0.015067,4.992e-05,461.0
10280,0.014904,4.976e-05,461.8
10300,0.014502,4.960e-05,462.6
10320,0.014631,4.944e-05,463.5
10340,0.014884,4.928e-05,464.3
10360,0.013830,4.911e-05,465.2
10380,0.014938,4.895e-05,466.0
10400,0.014965,4.879e-05,466.8
10420,0.015316,4.863e-05,467.7
10440,0.014593,4.847e-05,468.5
10460,0.016142,4.831e-05,469.4
10480,0.016195,4.815e-05,470.2
10500,0.015523,4.799e-05,471.1
10520,0.013813,4.783e-05,472.3
10540,0.015347,4.766e-05,473.2
10560,0.012450,4.750e-05,474.0
10580,0.014176,4.734e-05,474.9
10600,0.012990,4.718e-05,475.7
10620,0.014078,4.702e-05,476.5
10640,0.014270,4.686e-05,477.4
10660,0.014465,4.670e-05,478.2
10680,0.015352,4.654e-05,479.1
10700,0.015321,4.638e-05,479.9
10720,0.016325,4.622e-05,480.8
10740,0.016053,4.606e-05,481.6
10760,0.013705,4.590e-05,482.4
10780,0.015736,4.574e-05,483.3
10800,0.012835,4.558e-05,484.1
10820,0.012009,4.541e-05,484.9
10840,0.014597,4.525e-05,485.8
10860,0.016391,4.509e-05,486.6
10880,0.015697,4.493e-05,487.5
10900,0.013546,4.477e-05,488.3
10920,0.013257,4.461e-05,489.2
10940,0.013051,4.445e-05,490.0
10960,0.016433,4.429e-05,490.8
10980,0.013690,4.413e-05,491.7
11000,0.015545,4.397e-05,492.5
11020,0.014071,4.381e-05,493.8
11040,0.014406,4.365e-05,494.6
11060,0.012602,4.349e-05,495.5
11080,0.013714,4.333e-05,496.3
11100,0.012513,4.317e-05,497.1
11120,0.013158,4.301e-05,498.0
11140,0.012831,4.286e-05,498.8
11160,0.012944,4.270e-05,499.6
11180,0.014920,4.254e-05,500.5
11200,0.012810,4.238e-05,501.3
11220,0.014069,4.222e-05,502.1
11240,0.013293,4.206e-05,502.9
11260,0.012886,4.190e-05,503.8
11280,0.013437,4.174e-05,504.6
11300,0.014896,4.158e-05,505.4
11320,0.014014,4.142e-05,506.2
11340,0.011739,4.126e-05,507.0
11360,0.012210,4.111e-05,507.9
11380,0.015477,4.095e-05,508.7
11400,0.013113,4.079e-05,509.5
11420,0.012683,4.063e-05,510.3
11440,0.013863,4.047e-05,511.2
11460,0.015027,4.031e-05,512.0
11480,0.012847,4.016e-05,512.8
11500,0.011657,4.000e-05,513.7
11520,0.012615,3.984e-05,515.0
11540,0.013597,3.968e-05,515.8
11560,0.011701,3.953e-05,516.6
11580,0.011628,3.937e-05,517.5
11600,0.013890,3.921e-05,518.3
11620,0.012657,3.905e-05,519.2
11640,0.011731,3.890e-05,520.0
11660,0.015280,3.874e-05,520.8
11680,0.012947,3.858e-05,521.7
11700,0.013602,3.843e-05,522.5
11720,0.013908,3.827e-05,523.4
11740,0.013364,3.811e-05,524.2
11760,0.012382,3.796e-05,525.0
11780,0.015796,3.780e-05,525.9
11800,0.012483,3.764e-05,526.7
11820,0.012155,3.749e-05,527.5
11840,0.014208,3.733e-05,528.4
11860,0.012745,3.718e-05,529.2
11880,0.011376,3.702e-05,530.0
11900,0.012371,3.686e-05,530.9
11920,0.013511,3.671e-05,531.7
11940,0.015382,3.655e-05,532.6
11960,0.012774,3.640e-05,533.4
11980,0.013566,3.624e-05,534.2
12000,0.014686,3.609e-05,535.1
12020,0.014488,3.593e-05,536.4
12040,0.011699,3.578e-05,537.2
12060,0.012343,3.563e-05,538.1
12080,0.012065,3.547e-05,538.9
12100,0.012506,3.532e-05,539.7
12120,0.012099,3.516e-05,540.6
12140,0.012768,3.501e-05,541.4
12160,0.012776,3.486e-05,542.2
12180,0.013870,3.470e-05,543.1
12200,0.014976,3.455e-05,543.9
12220,0.013199,3.440e-05,544.8
12240,0.014412,3.424e-05,545.6
12260,0.012926,3.409e-05,546.5
12280,0.012790,3.394e-05,547.3
12300,0.011986,3.379e-05,548.1
12320,0.012255,3.363e-05,549.0
12340,0.016312,3.348e-05,549.8
12360,0.012724,3.333e-05,550.7
12380,0.011214,3.318e-05,551.5
12400,0.012376,3.303e-05,552.3
12420,0.011640,3.287e-05,553.2
12440,0.011755,3.272e-05,554.0
12460,0.011921,3.257e-05,554.8
12480,0.012052,3.242e-05,555.7
12500,0.012764,3.227e-05,556.5
12520,0.012042,3.212e-05,557.8
12540,0.010323,3.197e-05,558.6
12560,0.011831,3.182e-05,559.5
12580,0.013175,3.167e-05,560.3
12600,0.012677,3.152e-05,561.2
12620,0.011989,3.137e-05,562.0
12640,0.017422,3.122e-05,562.8
12660,0.013714,3.107e-05,563.7
12680,0.011496,3.092e-05,564.5
12700,0.012616,3.077e-05,565.3
12720,0.011855,3.062e-05,566.2
12740,0.013189,3.048e-05,567.0
12760,0.011213,3.033e-05,567.9
12780,0.010374,3.018e-05,568.7
12800,0.011146,3.003e-05,569.5
12820,0.010607,2.988e-05,570.4
12840,0.012900,2.974e-05,571.2
12860,0.010577,2.959e-05,572.1
12880,0.012517,2.944e-05,572.9
12900,0.010312,2.930e-05,573.8
12920,0.011308,2.915e-05,574.6
12940,0.011347,2.900e-05,575.5
12960,0.011378,2.886e-05,576.3
12980,0.011497,2.871e-05,577.1
13000,0.010114,2.857e-05,577.9
13020,0.010276,2.842e-05,579.2
13040,0.012096,2.827e-05,580.1
13060,0.010702,2.813e-05,580.9
13080,0.012934,2.798e-05,581.8
13100,0.012038,2.784e-05,582.6
13120,0.013088,2.770e-05,583.5
13140,0.012088,2.755e-05,584.3
13160,0.010508,2.741e-05,585.1
13180,0.011026,2.726e-05,586.0
13200,0.009623,2.712e-05,586.8
13220,0.012276,2.698e-05,587.7
13240,0.010605,2.684e-05,588.5
13260,0.010474,2.669e-05,589.4
13280,0.010327,2.655e-05,590.2
13300,0.010795,2.641e-05,591.2
13320,0.010209,2.627e-05,592.1
13340,0.010257,2.612e-05,593.5
13360,0.011802,2.598e-05,594.3
13380,0.012529,2.584e-05,595.1
13400,0.011788,2.570e-05,595.9
13420,0.012355,2.556e-05,596.7
13440,0.012630,2.542e-05,597.5
13460,0.010086,2.528e-05,598.3
13480,0.011062,2.514e-05,599.1
13500,0.012803,2.500e-05,599.9
13520,0.011996,2.486e-05,601.4
13540,0.010897,2.472e-05,602.2
13560,0.011253,2.458e-05,603.0
13580,0.010661,2.444e-05,603.8
13600,0.010873,2.431e-05,604.6
13620,0.010405,2.417e-05,605.5
13640,0.010912,2.403e-05,606.3
13660,0.009781,2.389e-05,607.2
13680,0.009882,2.375e-05,608.0
13700,0.010514,2.362e-05,608.9
13720,0.010692,2.348e-05,609.7
13740,0.010694,2.334e-05,610.6
13760,0.011494,2.321e-05,611.4
13780,0.010423,2.307e-05,612.3
13800,0.010737,2.294e-05,613.1
13820,0.010017,2.280e-05,614.0
13840,0.010131,2.267e-05,614.8
13860,0.010976,2.253e-05,615.7
13880,0.012309,2.240e-05,616.5
13900,0.011367,2.226e-05,617.4
13920,0.011469,2.213e-05,618.2
13940,0.012617,2.200e-05,619.1
13960,0.009478,2.186e-05,619.9
13980,0.011540,2.173e-05,620.8
14000,0.010385,2.160e-05,621.6
14020,0.012108,2.146e-05,622.9
14040,0.010646,2.133e-05,623.7
14060,0.011296,2.120e-05,624.6
14080,0.011229,2.107e-05,625.5
14100,0.010681,2.094e-05,626.3
14120,0.010134,2.081e-05,627.2
14140,0.010737,2.068e-05,628.0
14160,0.009943,2.055e-05,628.9
14180,0.011076,2.042e-05,629.8
14200,0.010188,2.029e-05,630.6
14220,0.009893,2.016e-05,631.5
14240,0.009962,2.003e-05,632.3
14260,0.010562,1.990e-05,633.2
14280,0.011056,1.977e-05,634.0
14300,0.010812,1.964e-05,634.8
14320,0.010648,1.951e-05,635.6
14340,0.010506,1.939e-05,636.5
14360,0.012226,1.926e-05,637.3
14380,0.009927,1.913e-05,638.2
14400,0.010229,1.901e-05,639.1
14420,0.009587,1.888e-05,639.9
14440,0.009500,1.875e-05,640.8
14460,0.011643,1.863e-05,641.6
14480,0.010543,1.850e-05,642.5
14500,0.010589,1.838e-05,643.3
14520,0.010592,1.825e-05,644.6
14540,0.011118,1.813e-05,645.4
14560,0.009847,1.800e-05,646.3
14580,0.010019,1.788e-05,647.1
14600,0.009118,1.776e-05,648.0
14620,0.008834,1.763e-05,648.8
14640,0.009256,1.751e-05,649.7
14660,0.009736,1.739e-05,650.6
14680,0.010642,1.727e-05,651.4
14700,0.012046,1.715e-05,652.3
14720,0.010128,1.703e-05,653.1
14740,0.010765,1.690e-05,654.0
14760,0.009935,1.678e-05,654.8
14780,0.009974,1.666e-05,655.7
14800,0.010510,1.654e-05,656.5
14820,0.009457,1.642e-05,657.4
14840,0.009949,1.630e-05,658.2
14860,0.008879,1.619e-05,659.1
14880,0.009342,1.607e-05,659.9
14900,0.009881,1.595e-05,660.8
14920,0.009298,1.583e-05,661.7
14940,0.010094,1.571e-05,662.5
14960,0.010147,1.560e-05,663.4
14980,0.009091,1.548e-05,664.2
15000,0.010608,1.536e-05,665.1
15020,0.009722,1.525e-05,666.4
15040,0.009057,1.513e-05,667.2
15060,0.011565,1.502e-05,668.1
15080,0.010004,1.490e-05,668.9
15100,0.011831,1.479e-05,669.8
15120,0.009937,1.467e-05,670.6
15140,0.010560,1.456e-05,671.5
15160,0.011185,1.445e-05,672.3
15180,0.010496,1.433e-05,673.2
15200,0.011056,1.422e-05,674.0
15220,0.010120,1.411e-05,674.9
15240,0.012035,1.400e-05,675.7
15260,0.009820,1.388e-05,676.6
15280,0.010554,1.377e-05,677.4
15300,0.010393,1.366e-05,678.3
15320,0.009036,1.355e-05,679.1
15340,0.008666,1.344e-05,680.0
15360,0.008647,1.333e-05,680.8
15380,0.009148,1.322e-05,681.7
15400,0.009109,1.311e-05,682.6
15420,0.009605,1.300e-05,683.4
15440,0.008832,1.290e-05,684.2
15460,0.008886,1.279e-05,685.1
15480,0.008844,1.268e-05,685.9
15500,0.009183,1.257e-05,686.8
15520,0.011481,1.247e-05,688.0
15540,0.009379,1.236e-05,688.9
15560,0.010102,1.226e-05,689.7
15580,0.010012,1.215e-05,690.6
15600,0.010337,1.205e-05,691.4
15620,0.009621,1.194e-05,692.3
15640,0.009669,1.184e-05,693.2
15660,0.008625,1.173e-05,694.0
15680,0.010972,1.163e-05,694.8
15700,0.009276,1.153e-05,695.7
15720,0.009307,1.142e-05,696.5
15740,0.011712,1.132e-05,697.4
15760,0.009264,1.122e-05,698.2
15780,0.009624,1.112e-05,699.1
15800,0.009481,1.102e-05,699.9
15820,0.009475,1.092e-05,700.8
15840,0.009627,1.082e-05,701.6
15860,0.009062,1.072e-05,702.5
15880,0.009482,1.062e-05,703.3
15900,0.009487,1.052e-05,704.2
15920,0.009264,1.042e-05,705.0
15940,0.009491,1.032e-05,705.9
15960,0.009992,1.022e-05,706.7
15980,0.008662,1.012e-05,707.5
16000,0.008670,1.003e-05,708.4
16020,0.009657,9.931e-06,750.9
16040,0.009139,9.835e-06,751.8
16060,0.009177,9.739e-06,752.6
16080,0.009013,9.644e-06,753.4
16100,0.009892,9.549e-06,754.2
16120,0.008858,9.455e-06,755.0
16140,0.008761,9.361e-06,755.8
16160,0.009289,9.267e-06,756.6
16180,0.009337,9.174e-06,757.4
16200,0.009318,9.081e-06,758.3
16220,0.009048,8.989e-06,759.1
16240,0.009217,8.897e-06,759.9
16260,0.009165,8.805e-06,760.7
16280,0.008841,8.714e-06,761.6
16300,0.008955,8.623e-06,762.4
16320,0.009211,8.533e-06,763.2
16340,0.008943,8.443e-06,764.1
16360,0.009321,8.354e-06,764.9
16380,0.009101,8.265e-06,765.8
16400,0.010236,8.176e-06,766.6
16420,0.010685,8.088e-06,767.5
16440,0.009339,8.001e-06,768.3
16460,0.009167,7.914e-06,769.2
16480,0.009388,7.827e-06,770.0
16500,0.009380,7.740e-06,770.9
16520,0.009337,7.655e-06,772.2
16540,0.009950,7.569e-06,773.0
16560,0.009010,7.484e-06,773.8
16580,0.009144,7.400e-06,774.7
16600,0.008916,7.315e-06,775.5
16620,0.009608,7.232e-06,776.4
16640,0.008954,7.149e-06,777.2
16660,0.009071,7.066e-06,778.1
16680,0.009950,6.983e-06,778.9
16700,0.008784,6.902e-06,779.8
16720,0.009883,6.820e-06,780.6
16740,0.009180,6.739e-06,781.5
16760,0.008674,6.659e-06,782.3
16780,0.008569,6.578e-06,783.2
16800,0.008624,6.499e-06,784.0
16820,0.008845,6.420e-06,784.9
16840,0.008586,6.341e-06,785.7
16860,0.008879,6.263e-06,786.6
16880,0.009000,6.185e-06,787.4
16900,0.008607,6.107e-06,788.3
16920,0.008438,6.030e-06,789.1
16940,0.008923,5.954e-06,790.0
16960,0.009963,5.878e-06,790.8
16980,0.008587,5.802e-06,791.7
17000,0.008683,5.727e-06,792.5
17020,0.009022,5.653e-06,793.8
17040,0.009851,5.578e-06,794.6
17060,0.009111,5.505e-06,795.4
17080,0.009027,5.431e-06,796.2
17100,0.008338,5.359e-06,797.1
17120,0.009313,5.286e-06,797.9
17140,0.008281,5.214e-06,798.7
17160,0.008801,5.143e-06,799.5
17180,0.008642,5.072e-06,800.4
17200,0.008953,5.002e-06,801.2
17220,0.008716,4.932e-06,802.1
17240,0.008216,4.862e-06,802.9
17260,0.008577,4.793e-06,803.8
17280,0.008474,4.724e-06,804.6
17300,0.010168,4.656e-06,805.5
17320,0.009119,4.589e-06,806.4
17340,0.008372,4.521e-06,807.2
17360,0.008318,4.455e-06,808.1
17380,0.009283,4.388e-06,808.9
17400,0.008416,4.323e-06,809.8
17420,0.008121,4.257e-06,810.6
17440,0.008641,4.193e-06,811.4
17460,0.008829,4.128e-06,812.3
17480,0.008711,4.064e-06,813.1
17500,0.008882,4.001e-06,813.9
17520,0.008298,3.938e-06,815.2
17540,0.008347,3.876e-06,816.0
17560,0.008207,3.814e-06,816.8
17580,0.008917,3.752e-06,817.6
17600,0.008505,3.691e-06,818.4
17620,0.008317,3.631e-06,819.3
17640,0.008788,3.571e-06,820.1
17660,0.008613,3.511e-06,820.9
17680,0.009041,3.452e-06,821.7
17700,0.008453,3.394e-06,822.5
17720,0.008662,3.335e-06,823.4
17740,0.008847,3.278e-06,824.2
17760,0.008720,3.221e-06,825.0
17780,0.008926,3.164e-06,825.8
17800,0.008662,3.108e-06,826.7
17820,0.009291,3.052e-06,827.5
17840,0.008756,2.997e-06,828.3
17860,0.008946,2.942e-06,829.1
17880,0.008366,2.888e-06,830.0
17900,0.009505,2.834e-06,830.8
17920,0.008717,2.781e-06,831.6
17940,0.009066,2.728e-06,832.5
17960,0.009023,2.676e-06,833.3
17980,0.008725,2.624e-06,834.2
18000,0.008799,2.573e-06,835.0
18020,0.008180,2.522e-06,836.3
18040,0.008873,2.472e-06,837.1
18060,0.008445,2.422e-06,838.0
18080,0.008051,2.373e-06,838.8
18100,0.008554,2.324e-06,839.7
18120,0.009501,2.276e-06,840.5
18140,0.008977,2.228e-06,841.4
18160,0.008650,2.181e-06,842.2
18180,0.008826,2.134e-06,843.1
18200,0.008108,2.088e-06,843.9
18220,0.008444,2.042e-06,844.7
18240,0.008690,1.997e-06,845.6
18260,0.008966,1.952e-06,846.4
18280,0.008489,1.907e-06,847.2
18300,0.008523,1.864e-06,848.1
18320,0.008973,1.820e-06,848.9
18340,0.008529,1.777e-06,849.7
18360,0.008567,1.735e-06,850.6
18380,0.008485,1.693e-06,851.4
18400,0.008165,1.652e-06,852.2
18420,0.009527,1.611e-06,853.0
18440,0.008179,1.571e-06,853.9
18460,0.009313,1.531e-06,854.7
18480,0.008600,1.492e-06,855.5
18500,0.008521,1.453e-06,856.3
18520,0.009356,1.415e-06,857.5
18540,0.009473,1.377e-06,858.4
18560,0.008639,1.340e-06,859.2
18580,0.008471,1.303e-06,860.0
18600,0.009301,1.266e-06,860.9
18620,0.008276,1.231e-06,861.7
18640,0.008905,1.195e-06,862.6
18660,0.008830,1.161e-06,863.4
18680,0.008584,1.126e-06,864.3
18700,0.008348,1.093e-06,865.1
18720,0.008543,1.059e-06,866.0
18740,0.009273,1.027e-06,866.8
18760,0.008514,9.944e-07,867.6
18780,0.009184,9.627e-07,868.4
18800,0.008131,9.315e-07,869.2
18820,0.008212,9.008e-07,870.0
18840,0.008615,8.706e-07,870.9
18860,0.008593,8.409e-07,871.7
18880,0.008000,8.118e-07,872.5
18900,0.008744,7.831e-07,873.3
18920,0.008097,7.550e-07,874.2
18940,0.008354,7.273e-07,875.0
18960,0.008653,7.002e-07,875.8
18980,0.008487,6.736e-07,876.7
19000,0.008587,6.475e-07,877.5
19020,0.008614,6.219e-07,878.7
19040,0.008847,5.968e-07,879.6
19060,0.008250,5.723e-07,880.4
19080,0.008342,5.482e-07,881.3
19100,0.008145,5.247e-07,882.1
19120,0.008111,5.017e-07,883.0
19140,0.008427,4.792e-07,883.8
19160,0.007969,4.572e-07,884.7
19180,0.008505,4.357e-07,885.5
19200,0.008599,4.147e-07,886.3
19220,0.008362,3.943e-07,887.2
19240,0.008078,3.743e-07,888.0
19260,0.008200,3.549e-07,888.9
19280,0.008622,3.360e-07,889.8
19300,0.008335,3.176e-07,890.6
19320,0.008643,2.997e-07,891.5
19340,0.008663,2.824e-07,892.3
19360,0.008754,2.655e-07,893.1
19380,0.009124,2.492e-07,894.0
19400,0.008004,2.334e-07,894.8
19420,0.008719,2.181e-07,895.7
19440,0.009730,2.034e-07,896.5
19460,0.008446,1.891e-07,897.4
19480,0.008614,1.754e-07,898.2
19500,0.008645,1.621e-07,899.0
19520,0.009649,1.494e-07,900.3
19540,0.008131,1.372e-07,901.1
19560,0.008385,1.256e-07,902.0
19580,0.008499,1.144e-07,902.8
19600,0.008838,1.038e-07,903.6
19620,0.008181,9.367e-08,904.5
19640,0.008123,8.407e-08,905.3
19660,0.008448,7.499e-08,906.2
19680,0.010385,6.643e-08,907.0
19700,0.008085,5.839e-08,907.9
19720,0.008236,5.086e-08,908.7
19740,0.007812,4.386e-08,909.6
19760,0.008774,3.737e-08,910.4
19780,0.008151,3.140e-08,911.3
19800,0.008025,2.595e-08,912.1
19820,0.008117,2.102e-08,912.9
19840,0.008465,1.661e-08,913.8
19860,0.008524,1.272e-08,914.6
19880,0.008284,9.344e-09,915.5
19900,0.009507,6.489e-09,916.3
19920,0.009027,4.153e-09,917.2
19940,0.009185,2.336e-09,918.0
19960,0.007999,1.038e-09,918.9
19980,0.008848,2.596e-10,919.7
20000,0.008546,0.000e+00,920.5
