run,method,metric,value
ck0.01984_eps0.2205,diffusion_mean,rmse_K,0.15998661518096924
ck0.01984_eps0.2205,diffusion_mean,bias_domain_mean_K,-0.03883218765258789
ck0.01984_eps0.2205,neighbour_avg,rmse_K,0.01666576787829399
ck0.01984_eps0.2205,neighbour_avg,bias_domain_mean_K,0.007069110870361328
ck0.01984_eps0.2205,nearest_train,rmse_K,0.02857290394604206
ck0.01984_eps0.2205,nearest_train,bias_domain_mean_K,-0.013161659240722656
ck0.01984_eps0.2205,train_mean,rmse_K,0.15906032919883728
ck0.01984_eps0.2205,train_mean,bias_domain_mean_K,0.09421348571777344
ck0.01984_eps0.2205,diffusion_sample,rmse_K,0.19409768469631672
ck0.01984_eps0.2205,diffusion,spread_K,0.1069459468126297
ck0.01984_eps0.2205,truth,spread_K,0.032161895185709
ck0.01984_eps0.2205,diffusion,salt_max_abs_err,0.00971221923828125
ck0.01984_eps0.2205,diffusion,temp_inversion_frac,0.09798324588600048
ck0.01984_eps0.2205,truth,temp_inversion_frac,0.11221082756975913
ck0.01984_eps0.2205,neighbour_avg,n_neighbours,3.0
ck0.01984_eps0.35,diffusion_mean,rmse_K,0.1643497347831726
ck0.01984_eps0.35,diffusion_mean,bias_domain_mean_K,-0.030746936798095703
ck0.01984_eps0.35,neighbour_avg,rmse_K,0.013956239446997643
ck0.01984_eps0.35,neighbour_avg,bias_domain_mean_K,0.003306865692138672
ck0.01984_eps0.35,nearest_train,rmse_K,0.018267277628183365
ck0.01984_eps0.35,nearest_train,bias_domain_mean_K,-0.0006146430969238281
ck0.01984_eps0.35,train_mean,rmse_K,0.17751100659370422
ck0.01984_eps0.35,train_mean,bias_domain_mean_K,0.10921430587768555
ck0.01984_eps0.35,diffusion_sample,rmse_K,0.18999597243964672
ck0.01984_eps0.35,diffusion,spread_K,0.0943237915635109
ck0.01984_eps0.35,truth,spread_K,0.030147910118103027
ck0.01984_eps0.35,diffusion,salt_max_abs_err,0.010570526123046875
ck0.01984_eps0.35,diffusion,temp_inversion_frac,0.09945891962795135
ck0.01984_eps0.35,truth,temp_inversion_frac,0.11865013117099929
ck0.01984_eps0.35,neighbour_avg,n_neighbours,3.0
ck0.01984_eps0.8819,diffusion_mean,rmse_K,0.1474670171737671
ck0.01984_eps0.8819,diffusion_mean,bias_domain_mean_K,-9.34600830078125e-05
ck0.01984_eps0.8819,neighbour_avg,rmse_K,0.010557256639003754
ck0.01984_eps0.8819,neighbour_avg,bias_domain_mean_K,0.0032281875610351562
ck0.01984_eps0.8819,nearest_train,rmse_K,0.018535634502768517
ck0.01984_eps0.8819,nearest_train,bias_domain_mean_K,0.007507801055908203
ck0.01984_eps0.8819,train_mean,rmse_K,0.1828877329826355
ck0.01984_eps0.8819,train_mean,bias_domain_mean_K,0.11531972885131836
ck0.01984_eps0.8819,diffusion_sample,rmse_K,0.18672877736389637
ck0.01984_eps0.8819,diffusion,spread_K,0.10483234375715256
ck0.01984_eps0.8819,truth,spread_K,0.02992973104119301
ck0.01984_eps0.8819,diffusion,salt_max_abs_err,0.009868621826171875
ck0.01984_eps0.8819,diffusion,temp_inversion_frac,0.09985392320534224
ck0.01984_eps0.8819,truth,temp_inversion_frac,0.13164798473646555
ck0.01984_eps0.8819,neighbour_avg,n_neighbours,4.0
ck0.0315_eps0.5556,diffusion_mean,rmse_K,0.13428732752799988
ck0.0315_eps0.5556,diffusion_mean,bias_domain_mean_K,-0.0007104873657226562
ck0.0315_eps0.5556,neighbour_avg,rmse_K,0.01552038174122572
ck0.0315_eps0.5556,neighbour_avg,bias_domain_mean_K,0.005874156951904297
ck0.0315_eps0.5556,nearest_train,rmse_K,0.030268594622612
ck0.0315_eps0.5556,nearest_train,bias_domain_mean_K,0.013615608215332031
ck0.0315_eps0.5556,train_mean,rmse_K,0.1776302456855774
ck0.0315_eps0.5556,train_mean,bias_domain_mean_K,0.11019325256347656
ck0.0315_eps0.5556,diffusion_sample,rmse_K,0.18961146660149097
ck0.0315_eps0.5556,diffusion,spread_K,0.1231461614370346
ck0.0315_eps0.5556,truth,spread_K,0.03019649349153042
ck0.0315_eps0.5556,diffusion,salt_max_abs_err,0.008975982666015625
ck0.0315_eps0.5556,diffusion,temp_inversion_frac,0.09397358693059862
ck0.0315_eps0.5556,truth,temp_inversion_frac,0.10767946577629382
ck0.0315_eps0.5556,neighbour_avg,n_neighbours,4.0
ck0.0315_eps3.528,diffusion_mean,rmse_K,0.18132561445236206
ck0.0315_eps3.528,diffusion_mean,bias_domain_mean_K,-0.05449962615966797
ck0.0315_eps3.528,neighbour_avg,rmse_K,0.00719246594235301
ck0.0315_eps3.528,neighbour_avg,bias_domain_mean_K,0.0002484321594238281
ck0.0315_eps3.528,nearest_train,rmse_K,0.011687135323882103
ck0.0315_eps3.528,nearest_train,bias_domain_mean_K,-0.00067901611328125
ck0.0315_eps3.528,train_mean,rmse_K,0.18599644303321838
ck0.0315_eps3.528,train_mean,bias_domain_mean_K,0.12162113189697266
ck0.0315_eps3.528,diffusion_sample,rmse_K,0.2048720009624958
ck0.0315_eps3.528,diffusion,spread_K,0.09407370537519455
ck0.0315_eps3.528,truth,spread_K,0.02996382676064968
ck0.0315_eps3.528,diffusion,salt_max_abs_err,0.009967803955078125
ck0.0315_eps3.528,diffusion,temp_inversion_frac,0.08383764607679467
ck0.0315_eps3.528,truth,temp_inversion_frac,0.13111137610302886
ck0.0315_eps3.528,neighbour_avg,n_neighbours,4.0
ck0.05_eps0.35,diffusion_mean,rmse_K,0.12443472445011139
ck0.05_eps0.35,diffusion_mean,bias_domain_mean_K,-0.005524158477783203
ck0.05_eps0.35,neighbour_avg,rmse_K,0.023620950058102608
ck0.05_eps0.35,neighbour_avg,bias_domain_mean_K,-0.0010042190551757812
ck0.05_eps0.35,nearest_train,rmse_K,0.03448298200964928
ck0.05_eps0.35,nearest_train,bias_domain_mean_K,-0.016897201538085938
ck0.05_eps0.35,train_mean,rmse_K,0.1378771811723709
ck0.05_eps0.35,train_mean,bias_domain_mean_K,0.07854080200195312
ck0.05_eps0.35,diffusion_sample,rmse_K,0.16496743448078632
ck0.05_eps0.35,diffusion,spread_K,0.11508233100175858
ck0.05_eps0.35,truth,spread_K,0.030583443120121956
ck0.05_eps0.35,diffusion,salt_max_abs_err,0.0096588134765625
ck0.05_eps0.35,diffusion,temp_inversion_frac,0.10299904602909613
ck0.05_eps0.35,truth,temp_inversion_frac,0.06630097782017648
ck0.05_eps0.35,neighbour_avg,n_neighbours,4.0
ck0.07937_eps1.4,diffusion_mean,rmse_K,0.15560036897659302
ck0.07937_eps1.4,diffusion_mean,bias_domain_mean_K,-0.044309139251708984
ck0.07937_eps1.4,neighbour_avg,rmse_K,0.01725168153643608
ck0.07937_eps1.4,neighbour_avg,bias_domain_mean_K,-0.006290435791015625
ck0.07937_eps1.4,nearest_train,rmse_K,0.022134436294436455
ck0.07937_eps1.4,nearest_train,bias_domain_mean_K,-0.010544300079345703
ck0.07937_eps1.4,train_mean,rmse_K,0.16597674787044525
ck0.07937_eps1.4,train_mean,bias_domain_mean_K,0.10247325897216797
ck0.07937_eps1.4,diffusion_sample,rmse_K,0.1742951525375247
ck0.07937_eps1.4,diffusion,spread_K,0.08346939831972122
ck0.07937_eps1.4,truth,spread_K,0.03213515505194664
ck0.07937_eps1.4,diffusion,salt_max_abs_err,0.0111846923828125
ck0.07937_eps1.4,diffusion,temp_inversion_frac,0.09769258287622228
ck0.07937_eps1.4,truth,temp_inversion_frac,0.06725494872406391
ck0.07937_eps1.4,neighbour_avg,n_neighbours,4.0
ck0.126_eps0.5556,diffusion_mean,rmse_K,0.13098034262657166
ck0.126_eps0.5556,diffusion_mean,bias_domain_mean_K,-0.011955738067626953
ck0.126_eps0.5556,neighbour_avg,rmse_K,0.04299318790435791
ck0.126_eps0.5556,neighbour_avg,bias_domain_mean_K,0.010828971862792969
ck0.126_eps0.5556,nearest_train,rmse_K,0.08435191214084625
ck0.126_eps0.5556,nearest_train,bias_domain_mean_K,0.03212738037109375
ck0.126_eps0.5556,train_mean,rmse_K,0.12093403935432434
ck0.126_eps0.5556,train_mean,bias_domain_mean_K,0.07406282424926758
ck0.126_eps0.5556,diffusion_sample,rmse_K,0.16440160758793354
ck0.126_eps0.5556,diffusion,spread_K,0.0979459136724472
ck0.126_eps0.5556,truth,spread_K,0.030125034973025322
ck0.126_eps0.5556,diffusion,salt_max_abs_err,0.007633209228515625
ck0.126_eps0.5556,diffusion,temp_inversion_frac,0.08795164559980921
ck0.126_eps0.5556,truth,temp_inversion_frac,0.01615788218459337
ck0.126_eps0.5556,neighbour_avg,n_neighbours,4.0
ck0.2_eps2.222,diffusion_mean,rmse_K,0.1645488440990448
ck0.2_eps2.222,diffusion_mean,bias_domain_mean_K,-0.005470752716064453
ck0.2_eps2.222,neighbour_avg,rmse_K,0.01849009469151497
ck0.2_eps2.222,neighbour_avg,bias_domain_mean_K,-0.005960941314697266
ck0.2_eps2.222,nearest_train,rmse_K,0.03003866784274578
ck0.2_eps2.222,nearest_train,bias_domain_mean_K,0.008753299713134766
ck0.2_eps2.222,train_mean,rmse_K,0.15628455579280853
ck0.2_eps2.222,train_mean,bias_domain_mean_K,0.10361051559448242
ck0.2_eps2.222,diffusion_sample,rmse_K,0.2050901148468256
ck0.2_eps2.222,diffusion,spread_K,0.1105722114443779
ck0.2_eps2.222,truth,spread_K,0.03404528275132179
ck0.2_eps2.222,diffusion,salt_max_abs_err,0.0101776123046875
ck0.2_eps2.222,diffusion,temp_inversion_frac,0.0865728595277844
ck0.2_eps2.222,truth,temp_inversion_frac,0.01454805628428333
ck0.2_eps2.222,neighbour_avg,n_neighbours,4.0
ck0.3175_eps0.8819,diffusion_mean,rmse_K,0.17417168617248535
ck0.3175_eps0.8819,diffusion_mean,bias_domain_mean_K,-0.08641719818115234
ck0.3175_eps0.8819,neighbour_avg,rmse_K,0.0354585237801075
ck0.3175_eps0.8819,neighbour_avg,bias_domain_mean_K,0.0024728775024414062
ck0.3175_eps0.8819,nearest_train,rmse_K,0.09209888428449631
ck0.3175_eps0.8819,nearest_train,bias_domain_mean_K,0.05842304229736328
ck0.3175_eps0.8819,train_mean,rmse_K,0.08920550346374512
ck0.3175_eps0.8819,train_mean,bias_domain_mean_K,0.044651031494140625
ck0.3175_eps0.8819,diffusion_sample,rmse_K,0.2057750141248107
ck0.3175_eps0.8819,diffusion,spread_K,0.11641617119312286
ck0.3175_eps0.8819,truth,spread_K,0.031765926629304886
ck0.3175_eps0.8819,diffusion,salt_max_abs_err,0.01030731201171875
ck0.3175_eps0.8819,diffusion,temp_inversion_frac,0.10217922728356785
ck0.3175_eps0.8819,truth,temp_inversion_frac,0.002981159074648223
ck0.3175_eps0.8819,neighbour_avg,n_neighbours,4.0
